text,label
"Terimakasih, saya dapat informasi yg sangat berguna untuk memotivasi diri saya n anak didik, \\usalut atas kebijakan pak Mentri",positif
"bagus mas menteri, saya bangga",positif
ide sangat cemerlang n patut didukung oleh semua pihak,positif
bagus sih mari dicoba\\t,positif
"ayo sukseskan bersama kebijakan kampus merdeka, kebijakan keren nih fokus sama kehidupan pasca kampus nanti",positif
"luar biasa cara respon rencana solusi pelaksanaan program ini, Ayo terus mas mentri terus pada program Kampus Merdeka demi membangun n mewujudkan kualitas SDM terbaik utk anak bangsa",positif
"Suka bgt sama mba no 3, mewakilkan para anak PTS ğŸ˜‚",positif
"KITA akan menjadi leadership yg handal kedepan, itulah generasi yg kita harapkan anin,ğŸ™,",positif
"KITA mendukung generasi mudanya INDONESIA, menjadi lebih baik n benar kedepannya, majulah terus KITA akan bahagia -ğŸ˜ğŸ˜†sebagai SDM yg kwalitas tinggi ğŸ™ğŸ‘,-",positif
"mantap pak menteri pendidikan ğŸ‘,ğŸ˜ğŸ™,-",positif
Asik asik ... Anak teknik punya kesempatan nikahin anak ekonomi n bahasa,positif
"Mas mentri kalo nyalonin jadi presiden, pasti gw pilih. kebijakannya keren",positif
"KITA akan menjadi leadership yg handal kedepan, itulah generasi yg kita harapkan anin,ğŸ™,",positif
"KITA mendukung generasi mudanya INDONESIA, menjadi lebih baik n benar kedepannya, majulah terus KITA akan bahagia -ğŸ˜ğŸ˜†sebagai SDM yg kwalitas tinggi ğŸ™ğŸ‘,-",positif
"mantap pak menteri pendidikan ğŸ‘,ğŸ˜ğŸ™,-",positif
"keren banget, bangga punya mas mentri sebagai pencetus kebijakan sekeren ini",positif
mantap saya dukung,positif
"biar pernah kerja di dunia nyata, selama ini kan jurusan filsafat kuliahnya jarang praktek n ilmunya teoritis",positif
"wah keren, pembaruan untuk pendidikan indonesia. wajib didukung",positif
makanya program ini bisa sebagai alternatif jikalau cita2 anda tidak terkabulkan (kecuali kalo anda bersikeras),positif
"enak banget nih bisa magang bisa riset, banyak pilihan. sukses buat mas mentri",positif
wah seru ya\\n,positif
Maju terus pendidikan Indonesia\\n,positif
"semangat bakal jadi kebijakan yg sukses, mantap\\n",positif
"Di Tunggu Payung Hukumnya, supaya kampus bisa segera menerapkan kebijakan Kampus Merdeka.",positif
"seru nih pasti, keahlian lebih terasah n banyak pengalaman yg didapat saat lulus",positif
Mantab,positif
Terus berkarya mas menteri. Harapan baru untuk sistem pendidikan yg baru..,positif
semoga sistem ini jadi. kita coba paradigma baru.!!!,positif
Kementrian tenaga kerja sudah banyak cara membentuk orang yg siap kerja yg harusnya melalui pelatihan pemventukan tenaga kerja yg siap mandiri.,positif
Ini konsep yg baik n semoga bisa dilaksanakan dengan baik juga,positif
"Saya mendengarkan keseluruhan diskusi bersama bapak Mentri, inspiratif n memberikan banyak pikiran2 yg luar biasa. Saya optimis dengan kepemimpinan mas Mentri ğŸ˜Š Pendidikan Indonesia Jaya ğŸ˜‰",positif
sukses buat mas mentri,positif
"KITA akan menjadi leadership yg handal kedepan, itulah generasi yg kita harapkan amin,ğŸ™,",positif
Efisien  Efektif professional (piawai )di bidangnya masing masing ğŸ˜ğŸ˜†ğŸ˜€ğŸ™ğŸ‘,positif
"KITA mendukung generasi mudanya INDONESIA, menjadi lebih baik n benar kedepannya, majulah terus KITA akan bahagia -ğŸ˜ğŸ˜†sebagai SDM yg kwalitas tinggi ğŸ™ğŸ‘,-",positif
Semoga Indonesia Semakin membaik....\\n,positif
Terimakasih Pak Menteri... STIE Mars yg ada di kota kecil bisa ikut Kampus Merdeka..,positif
"keren sih, mantap banget. yg penting semuanya ikut dukung\\n",positif
Kapan terealisasi pak... kami mahasiswa ipb sangat menunggu....,positif
"PembaruanğŸ™‚ğŸ™‚ğŸ™‚ Maju, semangat n kreatifâœï¸âœï¸âœï¸",positif
Saya sangat bangga dengan menteri pendidikan n kebudayaan sekarang n saya sangat berharap kepada pak Nadiem n saya yakin bapak orang yg tepat.,positif
Bersyukur banget punya mas mentri yg cara berpikirnya 1000 langkah ke depan Ini dia pendidikan setara!,positif
"Nah, sy berharap mhs non pendidikan bisa mengambil PPG, semacam AKTA mengajar di PT lain.",positif
"Luar biasa, angkat topi untuk mas MenteriğŸ™",positif
Saya dukung totalitas,positif
"Keren program programnya pakğŸ˜ Dengan konsep yg bagus, semoga SDM nya pun dapat Mumpuni, Unggul, eksis di Panggung dunia. ğŸ™",positif
Hidup Mahasiswa! Hidup Rakyat Indonesia!,positif
"seru nih, yakin akan sukses. pencetusnya saja orang yg luar biasa, ayo kawan kawan jgn buat kesempatan emas ini terbuang sia sia",positif
terbaik mentri yg saya kenal... Selaku dosen saya sangat apresiasi kebijakan ini Bagi yg apresiasi juga n pengen kampusnya segera merespon,positif
"Terima kasih telah membawa angin segar ke dunia pendidikan. Dari dulu saya enggan kuliah karena tahu gimana kurang apiknya pendidikan di Indonesia, dilihat dari OSPEK aja harus yg aneh aneh. Semoga semuanya berhenti dengan hal hal aneh, n kembali ke hal yg serius gol nya mau kemana. ",positif
"Memang, pikiran pikiran tidak biasa n segar yg dimiliki mahasiswa n pemuda kita harus terus menerus dibenturkan n dihadapkan dengan persoalan nyata. Betul betul menyegarkan pikiran n semangat saya kembali. Semoga sukses selalu, Mas Menteri!",positif
Dengan program ini pasti sukses deh buat para mahasiswa. Karena seimbang antaa teori n praktek nya. Kerenn,positif
Luar biasa memberi semangat baru n semangat baru untuk berubah\\n,positif
"mantap, bangga jadi rakyat indonesia. pendidikan menuju ke arah lebih baik",positif
"KITA akan menjadi leadership yg handal kedepan, itulah generasi yg kita harapkan anin,ğŸ™,",positif
"mantap pak menteri pendidikan ğŸ‘,ğŸ˜ğŸ™,-",positif
"saya mahasiswa teknik sangat setuju dengan program ini, semangat Bapak MendikbudğŸ’ª",positif
luar biasa mas nadiem,positif
Terima kasih. Semoga makin semangat berkarya.,positif
Mendikbud terkeren.,positif
ini kebijakan keren n harus didukung secara penuh menurut saya,positif
Baik Mas mentri.. kita kerahkan sumber daya yg ada.\\n,positif
dukung selalu,positif
MANTAB MAS MENTERI.... Cara Berfikir REVOLUSIONER ğŸ‘ğŸ¤²ğŸ™ğŸ» SEMOGA INDONESIA AKAN BERJAYA DI 2035,positif
"KITA akan menjadi leadership yg handal kedepan, itulah generasi yg kita harapkan anin,ğŸ™,",positif
"KITA mendukung generasi mudanya INDONESIA, menjadi lebih baik n benar kedepannya, majulah terus KITA akan bahagia -ğŸ˜ğŸ˜†sebagai SDM yg kwalitas tinggi ğŸ™ğŸ‘,-",positif
"mantap pak menteri pendidikan ğŸ‘,ğŸ˜ğŸ™,-",positif
"Aturan barunya bagus pak nadiem, temen2 dosen banyak yg seneng. ",positif
JOSS... Pak menteri membawa angin segar,positif
"KITA akan menjadi leadership yg handal kedepan, itulah generasi yg kita harapkan anin,ğŸ™,",positif
Efisien  Efektif professional (piawai )di bidangnya masing masing ğŸ˜ğŸ˜†ğŸ˜€ğŸ™ğŸ‘,positif
"KITA mendukung generasi mudanya INDONESIA, menjadi lebih baik n benar kedepannya, majulah terus KITA akan bahagia -ğŸ˜ğŸ˜†sebagai SDM yg kwalitas tinggi ğŸ™ğŸ‘,-",positif
"Bener bener,, menteri pendidikannya brilian,,, selama ini menteri pendidikannya sll berusaha tua jadi tdk ada perkembangan pendidikan Yg signifikan,,, ini Demi masa depan generasi kita,, pemikiran sangat brilian menteri pendidikannya",positif
"Yeah saya setuju, pas banget pak saya mau pkm",positif
"DI era Pak Nadiem, mahasiswa/ pelajar benar-benar jadi prioritas\\n",positif
Ide brilian mendikbud!,positif
"Melihat Program Kampus merdeka, hati ini haru,  majulah Indonesia ku\\n",positif
Terdengar inovatif n menjanjikan Mas Mentri! Semoga terlaksana secepatnya,positif
Mantap aku sangat setuju pak ğŸ‘,positif
sudah harus ditingkatkan sistem pendidikan kita. MANTAP KALI PENJELASANNYA ! SEMOGA NKRI CEPAT MAJU KARNA GENERASINYA MILITAN !,positif
"cemerlang Bro benar2 BIJAKSANA Bro sistem nya super BERKWALITAS , ini era teknologi canggih era digital, era anak2 muda CERDAS MILENIAL NKRI BANGKIT MAJU terus, perubahan yg BERKWALITAS. PUSING KEPALA sekolah yg tidak  MAMPU Dibidang teknologi canggih kebingungan, Karena mengejar kemajuan yg harus cepat tepat n BERKWALITAS KARENA target nya harus transparansi Mampu BERSAING BERKOMPETISI dengan dunia global.",positif
jujur saya senang sekali dg dunia Akademik yg sayangnya saya udah lepas dari status Mahasiswa.. saya cuma berpesan ke pak menteri utk membuat pembelajaran seumur hidup apalagi di era disruptif seperti saat ini..,positif
"Presentasi yg sangat menarik. Kebijakan kebijakan yg sangat menggiurkan pemikiran progresif Pak Nadiem demi kemajuan pendidikan Indonesia. Mendengarnya saya optimis, semoga gayung bersambut dengan upaya upaya riil di lapangan.",positif
Senang mendapat peneguhan mas menteri.,positif
"Saya sangat antusias mengenai inovasi baru, semoga melalui kemerdekaan ini saya bisa mendeklarasikan ttg inovasi tersebut, demi utk kemajuan bgsa khususnya bidg kesehatan,,, amin",positif
"Sdh 74 tahun merdeka, baru ini yg jelas mentri Pendidikan, ğŸ˜‚ğŸ˜‚ğŸ˜‚ğŸ˜‚ğŸ˜‚ğŸ˜‚ğŸ˜‚ğŸ˜‚ğŸ˜‚ğŸ˜‚ğŸ˜‚",positif
Mantap Pak Nadiem\\n,positif
Luar biasa. Keren..,positif
program luar biasa Pak Nadiem. Semoga lancar\\n,positif
lanjutkan\\n,positif
"cerdik banget, mantap betul! Semoga kolaborasinya menghasilkan karya nyata untuk percepatan kemajuan masyarakat ya, Aamiin",positif
Terimakasih Mas Menteri ğŸ‘ğŸ‘ğŸ‘ğŸ‘,positif
Maju terus Kemendikbud semoga kebijakan ini dapat berjalan dengan baik n hasilnya seperti yg diharapkan. Hidup mahasiswa! hidup rakyat Indonesia!,positif
gebrakan teruss.. semangat pak,positif
oke berangkat,positif
"ini baru disrupsi dalam dunia pendidikan. kami dukung langkahmu, Mas Menteri!",positif
eh  hebat gitu  alhamdulillah ada mentri kayak gini,positif
Inti suatu riset kan memberikan dampak sosial n penyelesaian masalah seperti yg di katakan pak mentri.,positif
"Bisa riset, pengabdian masyarakat, projek bersama dosen, dsb.  Boleh juga 100% di dalam prodi mengambil matakuliah. Kalo teman teman ilmu murni ingin memperdalam ilmunya pada prodi tersebut, ya boleh aja. Misal 3 semester ambil penelitian, atau 1 semester ambil mata kuliah, 2 semester ambil penelitian. Gak masalah",positif
"Keren... apalagi jika channel youtube mendikbud sering upload video2 hasil karya mahasiswa (kkn, pkl, dll) supaya mhs terinspirasi n menciptakan kolaborasi dlm membangun bangsa. Indonesia Maju!",positif
Menteri pendidikan ya bgini ini TOP.,positif
"kebijakanya selalu joss, buka serta terus merdekakan para pelajar hehe",positif
mentri termuda  n pintar yg mikir mhs ke depan nya,positif
mantap,positif
Terobos yg luar biasa... maju terus kerja Nyata Mas Menteri Milenial..,positif
sangat setuju n akan saya dukung secara total,positif
keren pak,positif
"Pak nadiem, sangat bagus kebijakannya. ",positif
baik pak saya siap melaksanakan kebijakannya,positif
Justru kenapa mahasiswa matematika perlu belajar biologi agar mengerti kalau tiap rumpun ilmu itu berhubungan,positif
wah istimewa emang nadiem ku,positif
"Mantap, lanjutkan",positif
MENTRI yg tugas sehari harinya ....administrasi SEKARANG bertambah JUGA MENJADI MOTIVATOR ...,positif
Mantap,positif
Saya sangat setuju,positif
berangkat,positif
berjuang terus kawan,positif
wah,positif
ikut pak,positif
setuju,positif
berangkat,positif
berangkat,positif
Semangat,positif
Luar biasa... mari kita coba....,positif
Filsafat gotong royong diterjemahkan mas Nadiem dgn baik. Luar biasa.,positif
Kebebasan kuliah. Kebebasan. Beri kesempatan.,positif
"Iya, bagus tuh, semoga bisa kayak gitu ke depannya, karena ini baru pembuka kebijakan yg akan hadir selqnjutnya. ",positif
Mantap.. Mentri Mentri pak Jokowi sekarang... jago,positif
Hebat pak Nadiem. Kebijakan luar biasa. Standar akreditasi jgn monolitik.,positif
saya setuju mhs harus dibekali seperti itu,positif
"salut kpd mendikbud, oke2 saja. ",positif
hebat banget sih,positif
Luar biasa..,positif
"Luar biasa, maju terus Mas Mentri ğŸ‘",positif
"Harapan besar d periode pak menteri menjadikan pendidikan di Indonesia maju lebih baik , sehat selalu pak",positif
Pengen balik kampus kalo gini. Rasanya bakal banyak sekali yg bisa dilakukan dengan kebijakan ini. Terutama poin ke 3.,positif
"aamiin, mudah - mudahan dunia pendidikan kita biasa lebih cepat di bandingkan sebelumnya,",positif
ide cemerlang yg perlu didukung n keluar dari zona nyaman,positif
"Mantap mas mentri, Indonesia butuh talenta hebat yg memberikan lompatan jauh bangsa ini keluar dari zona nyaman menuju era baru yg luar biasa majunya",positif
Menteri Pendidikan yg pernah dipunyai Indonesia terkeren!,positif
semangat mentriku,positif
"Konsepnya bagus, walau masih dalam tataran ide ",positif
Parah keren Mas menteri! Optimis sama Kebijakan - Kebijakan baru ini!,positif
Keren.,positif
KerenğŸ‘ğŸ‘ğŸ‘ğŸ‘,positif
yuk kita sukseskan kampus merdeka,positif
"inovatif banget mas nadiem, tercinta",positif
Memang mas mentri ini top markotop,positif
makanya perlu disyukuri saat ini ada mentri pendobrak kemajuan pendidikan,positif
"Gotong royong n kolaborasi dengan Pemda, Dunia Usaha n NGO.",positif
mantap,positif
Maantaapp,positif
"Keren pak Menteri, lanjutkan",positif
"Jokowi memilih mendikbud yg tepat, maju terus mas menteri. ",positif
mantappp,positif
mantap,positif
"saya percaya dengan nadiem, kebijakan yg jos. pasti keren hasilnya",positif
Brarti banyak manfaatnya,positif
Kongkrit,positif
"Semakin terjun kebawah, semakin bergerak perubahan dengan cepat",positif
Serasa mendapat udara segar pendidikan ğŸ˜,positif
Hidup mahasiswa.,positif
komen ke dua......... lanjutkan demi kebaikan bangsa anak cucu kita juga yg menikmatinya,positif
"Baru kali ini aku dengar mendikbud, bahas masalah Prodi.",positif
"Ada benarnya jg, satu disiplin ilmu akan menghasilkan perenang yg sempit.",positif
maka dari itu Mendikbud meluncurkan program ini. Mhs diberi opsi utk menambah pengalaman n wawasan di lautan luas.,positif
"Semoga cepat disahkan ,, aminğŸ™",positif
"Saya cukup setuju dengan rencana penerapan sistem magang 3 semester Pak Nadiem. Karena di dunia kerja modern saat ini perusahaan cenderung mencari para lulusan2 yg siap pakai di dunia kerja. n salah satu cara untuk membuat para lulusan pt (sarjana) dapat dipakai di dunia kerja modern adalah pengalaman kerja, dimana hal tersebut dapat diperoleh melalui magang.",positif
"Bikin gak bosen jg,",positif
"tidak diragukan lagi, memang keren",positif
Magang 1Â½ tahun ide yg bagus buat perusahaan gak perlu pake masa percobaan karena harus gaji UMR cukup pake tenaga mahasiswa magang tinggal kasih makan sama ongkos ğŸ˜,positif
"Semoga mulai tahun ajaran ini ya, Mas Nadiem.",positif
"Betul, praktek lebih baik dari pada teori",positif
Harusnya program pak nadiem ini bisa d terapkan.,positif
Nadiem Makarim adalah anak muda yg sukses jadi sudah pasti dia lebih tau bagaimana caranya membuat anak muda sukses.....,positif
wah terobosan,positif
Setuju sama program pak Nadiem,positif
mantap,positif
mantap,positif
Nahh gitu donk,positif
Magang itu menyenangkan buat saya yg hobi kerja Terimakasih modul yg telah membuat saya depresi di usia muda,positif
Menurut sya itu bagus 3 semester magang akan sangat bnyak ilmu nyata yg didapat ketimbang baca buku hanya dapat teori saja setelah magang 3 semester mahasiswa mampu membuat sebuah teori n mencocokkan teori yg sudah ada sebelumnya mantap mas nadiem makarim gak salah mendikbud kita ini,positif
Baru kali ini ada pemimpin kaya ini di kependidikan,positif
lah ini yg gua tunggu praktek langsung lewat magang langsung diaplikasikan mas menteri.,positif
"SANGAT SETUJU, TERUTAMA UNTUK MEMAHAMI LINTAS ILMU DENGAN PARADIGMA TERKAIT DASAR ILMUNYA.",positif
Setuju.. gw pengen bisa magang.. Biar tau kerja tuh gmn.. yg penting itu adalah dunia kerja nanti udh sampe akhir hayat.. Bukannya kuliah malah kyk balik sekolah lg.. Belajar duduk di kelas aja terus tiap hari...,positif
Sangat setuju,positif
Setuju...,positif
Setuju banget,positif
"Setuju, Setuju ...",positif
"saya kira semua orang akan setuju UNTUK MENGUASAI 1 BIDANG ILMU , MAHASISWA HARUS MENGERTI 4 BIDANG ILMU DI LUAR ILMU YG DIGELUTINYA... Cth .. Mhswa Teknik Sipil , Dia harus menguasai : 1. Manajemen  2. Psikology 3. Kimia  4. Agama.. Dst , dst , dst ... boleh ilmu2 yg lain minimal 4 ilmu di luar disiplin ilmu nya KARENA DI DUNIA KERJA ke 4 ilmu itu pasti dipake di dunia teknik sipil ... atau suatu saat ingin banting stir dia bisa siap sedia",positif
Setuju aku kalo ada magang,positif
"setuju sekali, biar anak kuliah lbh siap kerja.",positif
ya setujulah dengan kebijakan seperti ini semoga bisa terwujud,positif
"Alhamdulillah, selalu mikir gimana caranya supaya bisa magang n dapat pengalaman kerja untuk CV nanti. ",positif
"Setuju, Akhirnya gw buat tujuan buat seringin aktivitas eksternal kyk liputan sampe 20 kali.",positif
"Mantab, magangnya 3 semester utk persiapan dunia kerja,",positif
Ide bagus pak,positif
keren,positif
Bagus banget gue setuju,positif
Bagus nih pak program nya semoga cepat direalisaskkan,positif
SETUJU. Karna satu semester dirasa kurang untuk menunjang keahlian dalam bidang masing masing pada dunia kerja.,positif
Sy percaya dgn apapun masukan dr nadiem. Sy percaya nadiem lebih paham masa depan.,positif
harus didukung,positif
"Ya Allah, akhir nya pak, knp ga dr dulu. Gw SANGAT SETUJU, kenapa ?Supaya mahasiswa ga kaget ketika awalÂ² masuk dunia kerja. Lah gw magang dulu cuman 3 bulan doang, begitu dah lulus, tetep aja sedikit canggung.ğŸ‘",positif
"SETUJU PAK, SAYA SEBAGAI MAHASISWA TIDAK KEBERATAN",positif
bangga,positif
Ada benernya biar gak kaget krn dunia kuliah beda jauh dg dunia kerja,positif
"Ini keren Pak,  semoga terealisasi.. ğŸ˜ğŸ˜",positif
Saya sebagai mahasiswa setuju banget dengan adanya ini semua,positif
Gue demen nih,positif
"Saya setuju, biar mahasiswa gak cuma jago bacod.",positif
Bisa jadi peluang kerja kalo perusahaan cocok sama mahasiswa yg magang langsung deh dipesan pas udah lulus,positif
gue bangga banget jadi rakyat indo,positif
"Setuju, karena saya merasa kurang kerja praktek di suzuki hanya 1 bulan. Masih banyak ilmu teknik yg bisa saya gali kalo saya bisa lebih lama disana dibanding di perkuliahan.",positif
"nadiem gokil,,,",positif
Setuju.,positif
semoga lancar,positif
magang yuk biar siap kerja,positif
setuju setuju aja,positif
"Setuju lah, ",positif
gue yakin semua perlu merasakan magang sih,positif
Benar sekali mas,positif
Mantab. Biar mahasiswa nggak belajar teori doang n nol kemampuan yg memang sudah menjadi penyakit universitas dr tahun Indonesia merdeka,positif
Setuju pak...,positif
magang yg sesungguhnya,positif
Alhamdulilah,positif
Belajar langsung praktek itu metode belajar yg efektif...,positif
mantap ditambah 1 semester lagi ğŸ˜ğŸ‘,positif
"gue cukup merasakan perubahan signifikan kayak bagaimana bekerja profesional, komunikasi, manajemen waktu, dll.",positif
"Pas merasa jadi mahasiswa akhir, iya sih setuju bangetğŸ˜­",positif
Bagus.. sangat praktikal.. setuju 100%,positif
alhamdulillah semangat pak\\n,positif
Kalo ngambil mata kuliah di luar program studi itu di sudah diterapkan (minimal)  di salah satu kampus negeri.,positif
Cerdas...\\n,positif
Lanjutkan\\n,positif
Setuju... biar merasakan bagaimana diinjak2 orang saat kerja,positif
Setuju\\n,positif
mantap,positif
"Setuju banget, jgn dikasihnya cma materi terus tpi prakteknya dibanyakin!!",positif
Setuju pak n sistem laporanya jelas biar tau,positif
gaya seperti ini adalah hal yg bagus untuk pendidikan di indonesia. ada pembaruan metode pembelajaran,positif
"saya si setuju saja, apalagi saya sebagai mahasiswa teknik yg bukan hanya membutuhkan pengetahuan tetapi juga pengalaman n memperdalam kemampuanğŸ’ª",positif
setuju pak. saya teknik mesin kalau cuma magang 1-3 bulan ilmunya belum dapat pak.,positif
SETUJU BANYAKIN PRAKTEK n harus ada opsi jika praktek kerja d instansi jika mahasiswa nya ke pake ada opsi untuk menjadi karyawan perusahaan trsbt atas persetujuan kedua belah pihak agar ketika mahasiswa lulus kuliah ada yg menunggu perusahan d luar sana untuk menjadi karyawannya,positif
Setuju pak.. kalau dikasih fasilitas malah seneng,positif
"Magang Tiga Semester Setelah Magang Dapat Sertifikat pengalaman Kerja, Biar selesai kuliah modal ijasah n Pengalaman Kerja Jadi Pegangan Kuat Untuk mudah mencari kerja. Magang Juga Sebagai Modal Untuk mengasah kemampuan dalam berwirausaha.",positif
Gue sih setuju sama programmnya;),positif
"Magang tidak harus di perusahaan, tetapi juga kementerian, NGO, lembaga riset atau penerbit (sejarah, sosiologi, sastra bisa masuk)",positif
"Bener nih bagus, jd buat lulusan nantinya dah memenuhi min 1 tahun pengalaman kerja dibidangnya ğŸ˜‚ğŸ˜‚ğŸ˜‚ğŸ˜‚, pas gw cmn 2 bulan njir ğŸ˜‚ğŸ˜‚ğŸ˜‚ğŸ˜‚",positif
"Saya cukup setuju, apalagi saya berada di fakultas pendidikan yg nntinya bakal magang di sekolah2, ",positif
"Stuju! Kita ni mahasiswa tua yg mau lulus aja bingung mau kerja dimna, lanjut sesuai jurusan atau engga jdi g ada bayangannya.. Program studi magang juga cuma 1 bulan kurang, enggak mewakili lah cuma 1 bulan mah",positif
sukses programnya pak\\n,positif
ayo lakukan perubahan,positif
Untung aja gue udah siap magang\\n,positif
wah ini pasti sukses sih\\n,positif
Setuju pak.,positif
Asik\\n,positif
"Mantap, ga ush lama lama belajar teori lagi mhs mah, langsung eksekusi n magang biar bisa tau potensi kita gmn",positif
Asli enk gini\\n,positif
"Setuju sih Saya Pak,",positif
Setuju... Pengalaman harus seimbang dengan teori. Supaya teorinya bisa diaplikasiin (aplikatif).,positif
gua suka bgt sama cara berpikirnya nadiem,positif
Nah setuju apalagi untuk mahasiswa keguruan. Magang 3 bulan di sekolah rasanya hanya numpang lewat doang,positif
Hampir mirip dengan metode yg sedang saya coba sekarang. keren,positif
mantap lancar deh\\n,positif
"Setuju pak, berarti gaji  dosen meningkat",positif
Iya pak bener banget,positif
Klo ini bkrj sama dg kementrian tenaga kerja pasti bagus,positif
bisa menambah pengalaman sehingga mahasiswa tidak kaget dengan dunia kerja ketika setelah lulus.,positif
mantap,positif
Kl menurut gw bener sih,positif
Selain mengetahui teori mahasiswa juga harus mengetahui fenomena lapangan sesuai disiplin ilmunya,positif
Bener banget bro. Banyak hal baik yg kita dapat saat berada di dunia kerja.,positif
Indonesia butuh perubahan yg cepat Kalau maju masa depan akan terlihat,positif
Setuju,positif
"enak dong, keluar dari kampus udah bukan lulusan baru tp udah punya pengalaman 1 tahun",positif
"Setuju sekali, mantap mas mentri",positif
"Setuju pak, kuliah sekarang kebanyakan teorinya, ",positif
keren mas mentri,positif
"100% setuju, biar siap tempur dilapangan.",positif
"stuju.. kuliah hrus memperbanyak Praktek, bkn Teori",positif
padahal dampaknya bagus loh apakah DPR tu anti perubahan ya ?,positif
jadi emang magang lebih dari 1 tahun biar pas lulus udah ada pengalaman kerja,positif
Setuju,positif
"Memang, sistem pendidikan di Indonesia harus dirombak ke arah yg lebih baik",positif
"Kalau saya sih setuju banget pak, menambah ilmu n keahlian kita di bidang lain, ",positif
"Saya mahasiswa SCM magang 1 tahun 3 bulan, setelah magang dpt surprise dr bos wkwk",positif
"Ya, sebenernya itu biasa aja. Toh, universitas swasta justru mewajibkan magang. Ya mungkin takut kalah juga sih sama universitas negeri yg punya nama. tp menurut saya, mahasiswa indonesia ini harus menumbuhkan nilai nilai filosofis, kayak pendidikan jerman yg bertumpu pada sistem pendidikan yg berdasar  dari von Humboldt. Jadi ga diragukan lagi sistem pendidikan yg baik.",positif
Setuju. Kalo bisa pak Teorinya cukup 20%  n 80%nya praktek.,positif
"gebrakan lain masih ditunggu, semangat pak",positif
Setuju pak. Saya sendiri sebagai mahasiswa aktif sekarang ini kebijakan ini menurut saya sangat benar.,positif
semangat mas menteri,positif
kadang di dunia pekerjaan teoritis berbeda dengan praktik. Saya anak hukum sudah lihat itu di dunia pengacara,positif
thx infonya,positif
menurut saya magangnya bisa berupa mengembangkan bisnisnya,positif
Bisa bisa! n saya setuju jika kebijakan ini dilakukan sehingga ketika lulus sudah ada pekerjaan.,positif
yuk magang,positif
kebijakan bagus nih,positif
"banyak alternatif dari kebijakan ini kok, ayo didukung",positif
"kalo semua jurusan wajib, itu baru mantap",positif
"gagasan bagus, orisinil",positif
Setuju banget gak cuma materi tpi harus kerja nyata di lapanganğŸ‘ŒğŸ‘ŒğŸ‘Œ,positif
Setuju pak.. bapak mewakili kami yg pernah jadi mahasiswa.,positif
Nah ini keren,positif
Ini setuju banget magang itu membuka wawasan bagi mana rasanya kerja.,positif
Untung aku masih SMP bentar lagi SMA,positif
"tenang, hasilnya pasti mantap di tangan nadiem",positif
Setuju banget....memang beda kalo yg berinisiatif itu orang yg cerdas,positif
"Merdeka,  millenial jga hrus berpendapat...",positif
Setuju. Krn kuliah aja teori doang dapat nilai bagus belom tentu praktiknya bagus juga. Pengalaman kerja sangat sangat sangat dibutuhkan,positif
"Bagus sih, ",positif
Mari Kita dukung biar semua tambah semngat beljar menghilangkan kebodohan yg Ada  di jaman akhir ini,positif
ayo magang,positif
"kalau ngerjainnya bukan sekadar lulus, bisa jadi berguna banget dijadikan langkah awal untuk penelitian lebih lanjut.",positif
Mahasiswa mw magang atw tidak silahkan. Intinya universitas harus memberikan 3 semester untuk mahasiswa yg mw magang,positif
"baik, Nah opsi2 ini bisa menjadi alternatif di masa mendatang.",positif
"kalo udah fix, seneng banget gw ğŸ˜„ğŸ˜„ğŸ˜„ğŸ˜„ğŸ˜„ğŸ˜„ğŸ˜„ğŸ˜„ğŸ˜„",positif
Amin kan ğŸ˜‚,positif
dukungan untuk kebijakan luar biasa,positif
"Sebenarnya internship bagi mahasiswa politeknik/ vokasi sudah bukan hal yg baru lagi di indonesia, tp gagasan ini memang keren",positif
Kayaknya sih buat yg mau doang supaya lebih siap di dunia kerja.,positif
Ngk papa lama lulus tp nyata sudah dapat kerja.,positif
"Detailnya disitu temen2 semua, tidak terbatas pada magang di perusahaan/ instansi saja kok. Bisa wirausaha, kuliah lintas disiplin, dll",positif
Jadi mahasiswa keren,positif
"Setuju, sehingga mahasiswa punya pengalaman, wadah aap yg akan dia lakukan kelak. Sesuai keinginannya.",positif
Mantul,positif
"Lah iya , saya di Jerman ,intern udah bisa dari semester 4 (kalo mau). Saya kerja sampingan kuliah + intern = keblinger",positif
"Semangat ya, hebat, bisa buat contoh untuk yg lain",positif
"Tapi buktinya jerman punya kualitas pendidikan yg bagus juga, berarti selama ini mereka emg bagus kebijakannya",positif
Salam dari saya mahasiswa semester 12 bang. Tetap semangat ğŸ™ŒğŸ»,positif
Tau khdupan krja Biar lega magang kalo bs dapet ilmu sebanyak banyaknya..,positif
bisa jadiğŸ‘ğŸ‘ğŸ‘,positif
Luar biasa ..... tajam n terarah,positif
Luar biasa ..... tajam n terarah,positif
MERDEKA belajar kolaborasi ini bisa menyatukan nusantara wawasan nusantara mulai dr sabang sampai. meraukE ...dimungkinkan adanya kolaborasi yg nyata..,positif
Inilah menteri yg betul2 punya visi ke depan untuk SDM indonesia unggul Hebat karena di indonesia ini masih banyak gelandangan politik n ekonomi berkeliaran yg tidak menginginkan indonesia melompat tiga langkah ... Selamat pak nadiem ... semoga ini menjadi kunci,positif
Mas  Mendikbud memang joss.. transparansi penggunaan dana BOS..,positif
Anak muda yg menguasai ilmu bukan hanya teori tp udh dipraktekkan secara nyata,positif
"KITA akan menjadi leadership yg handal kedepan, itulah generasi yg kita harapkan anin,ğŸ™,",positif
Efisien  Efektif professional (piawai )di bidangnya masing masing ğŸ˜ğŸ˜†ğŸ˜€ğŸ™ğŸ‘,positif
"KITA mendukung generasi mudanya INDONESIA, menjadi lebih baik n benar kedepannya, majulah terus KITA akan bahagia -ğŸ˜ğŸ˜†sebagai SDM yg kwalitas tinggi ğŸ™ğŸ‘,-",positif
"mantap pak menteri pendidikan ğŸ‘,ğŸ˜ğŸ™,-",positif
Semoga Pendidikan di Indonesia semakin maju n mampu bersaing di dunia,positif
MANTAB MAS... Inovasi hanya bisa dilakukan jika ruang gerak tidak dibatasi (2.45)... Smg para mahasiswa lebih merdeka dalam berkreasi... Sukses selalu.,positif
"Anjir, keren cui, sumpah dah ini mah keren abis. Kalau dulu wan aibon kayak gini, gak mungkin dah sampai dibuang",positif
Presentasi yg membangunkan pola pikir yg selama ini tertidurâ€¦,positif
Semoga niat baik bapak menteri di mudahkan ya aamiin,positif
semoga bisa merubah dunia Pendidikan agar menjadi lebih baik.....,positif
"mantap, S1 nya sudah model manajemen pelatihan. butuh 1 dekade  bahkan lebih untuk melihat hasil perencanaan ini",positif
"baru kali ini gw semangat n sengaja nontonin video dari channel kementrian wkwk . .. pembawaannya yg bagus, sederhana, n berbobot seperti INI",positif
Hidup Merdeka Belajar,positif
mas Nadiem sungguh inspirator yg hebat. kami menunggu ide jenus selanjutnya.,positif
Terharu banget liat akhirnya.  Selamat bekerja Pak Nadiem!,positif
Bagus sekali.. kebijakan ini hrus terus berlanjut.. .. Salut buat Mendikbud..,positif
pembaruan untuk indonesia,positif
Gile sih nih menteri visioner banget...  panutan deh menteri terbaik satu ini...,positif
Ini baru pejabat KEREN!,positif
Luar biasa,positif
keren,positif
"keren pak, sangat setuju. sukses ",positif
"Akhirnya S1 bisa seseru ini, semoga programnya terlaksana ğŸ‘ğŸ‘ğŸ‘",positif
dunia kerja sudah tidak butuh ijazah..... nah loh................... kampus harus mengikuti zaman jika tidak ingin mati.....,positif
wah keren ...  Jadi pengen kuliah lagi ...,positif
"bagus sekali pak, terobosan terbaru yg membuat Indonesia makin bersinar",positif
Hormat kami untuk mendikbud,positif
Mantap tegas lugas berbobot,positif
"semoga pendidikan di indonesia makin maju di bawah kepemimpinan Mas Nadiem,,",positif
Mantap pak nadim ğŸ‘ğŸ‘ğŸ‘,positif
Semangat pak nadim ğŸ˜ŠğŸ’ªğŸ’ªğŸ‘,positif
Inovasilah yg menjadi penggerak utama untuk menjadikan bangsa ini menjadi lebih maju.,positif
Bagus parah! Semoga terlaksana dengan baik sehingga pendidikan Indonesia bisa semakin mendunia.,positif
"Saya mendukung program2 pa mentri, optimis indonesia majuğŸ‘",positif
Sebagai dosen millenial saya merinding mendengarkan pemaparan inovasi ini. keren,positif
"Gagasan bagus, semoga tercapai! ğŸ‘Œ",positif
Bismillah merdeka belajar,positif
Gak salah Jokowi ambil Mas Makarim jadi Mendikbud...,positif
semoga kebijakan yg direncanakan dapat mendapat apresiasi pihak kampus. Kebijakannya sangat luar biasa,positif
Ini baru yg namanya kebijakan,positif
"Aku seorang Guru yg mencintai dunia Pendidikan, tp setelah mendengar Mas Menteri Nadiem aku jadi Tambah Mencintai Pendidikan.",positif
Ini mentri yg kerja nyata jg. Gak kyk mentri sebelumnya..,positif
berbobot,positif
"Semoga terus Semangat n beruntung, jgn sia sia kan kesempatan Emas ini yaa Kak..",positif
Setuju cok,positif
merdeka,positif
Ya allah berikanlah umur yg panjang n keberkahan untuk hidupnya mas menteri ini..,positif
selalu keren,positif
ayo semangat semuanya berkolaborasi,positif
"Kebijakan nya keren sekali, mahasiswa akan siap pakai di lapangan pekerjaan. ",positif
Semoga semangat ini diiringi dengan kejernihan pikiran n integritas para pelaku yg terlibat,positif
"mantab ini... coba dari dulu udah ada program begitu, kuliah ga pada mau bolos",positif
"kami mendukung n semoga ini terobosan terbaru yg inovatif semoga indonesia ke depan maju, sukses n mendapat rahmat dari Allah SWT.",positif
Saya tunggu kebijakan 3 Semesternya pak Nadiem-  Salam dari mahasiswa i3L,positif
seru nih,positif
"Ya Tuhan semoga sehat selalu kalian semua, mari bangun masa depan bangsa kita!",positif
Luar biasa. Komunikasikan kebijakan disampaikan dgn bahasa praktis. Smoga feodalisme bisa cair. Yg bertahan adalah mrk yg tanggap thd kebijakan baru ini.,positif
"Kampus merdeka diharapkan membasmi mahasiswa &;kagetan&; , kaget dengan dunia kerja, situasi kerja dll",positif
Inovasi yg sangat sangat luar biasa. Sukses pak Mentri ku tercinta. Harus begitu,positif
"luar biasa n cemerlang, masa depan Indonesia mulai terlihat",positif
"harus ada regulasi secara menyeluruh semua institusi di seluruh indonesia. Kataakanlah mhs yg dari PTS ingin belajar di PTN yg punya nama, belum tentu dapat diterima krn pertimbangan bbrp aspek n lainnya. belum yakin saya",negatif
"belum yakin dengan pelaksanaannya, malah jadi \\tladang korup",negatif
"Rasa2nya kampus merdeka sulit dilaksanakan krn pelaku kampus sdh terbiasa mengerjakan rutinitas, bak birokrat layaknya pangrehpraja.. maaf2 saja...!",negatif
Argumen mahasiswa dari Kaltara merupakan salah satu permasalahan yg harus diperhatikan oleh Kemendibud saat ini. Pertanyaan mahasiswa tidak terjawab oleh Pak Menteri.,negatif
"jadikan kampus sebagai tempat belajar bukan tmpt untuk memprogramkan mahasiswa untuk menjadi sesuatu, tdk perlu ijasah cukup transkrip niainya saja,, n siapkan pendidikan profesinya,, yg membutuhkan itu. n jika org ingin menjadi guru maka cek aja transkripnya, mk memenuhi syarat profesi tdk, jadi mahasiswa punya alternatif lain.. jadikan kampus tmpt belajar bukan seperti skrng yakni, tmpt untuk memprogramkan mahasiswa untuk jadi seusatu,, n sosialisasi soal batas wilayah sopan santun, spya ad ruang diskusi, jgn sampai krna ketidaksopanan n sopan membuat org berhenti untuk berargumen,,",negatif
kebijakan ini hanya akan memperbudak mahasiswa,negatif
"banyak kurangnya dari kebijakan ini, belum layak\\n",negatif
Klw Model Begini akan tidak ada jadi Ahli setiap bidangnya. hancur malah,negatif
Kebijakannya apalagi kok ruwet,negatif
harusnya dilakukan semester 678 akan merusak ouput hasil lulusannya Semoga bukan jurus mabok yg jadi kebijakan Kang Menteri n tolong tim FGD kang menteri diperbaiki biar ngak mabok lagi.,negatif
ingat output itu sangat dipengaruhi kualitas input n konsistensi proses  sekalipun memang aturan jgn sampai kaku n dibikin ribet. Kalau masalah akselerasi saya kira bergantung pada kemamampuan seseorang dalam kecepatan menguasai bahan ajar yg harus dicapainya.,negatif
selama ini menurut saya masih mengalami kendala n hambatan hasil kualitasnya jika dibandingkan negara lain terutama dalam hal produktivitas inovasi n menulis budaya  ilmiah.,negatif
"daripada magang di Jakarta, lebih baik bangun daerahnya! Kesempatan itu bukan selalu di Jakarta apalagi anda orang yg berpendidikan seharusnya membantu daerahnya.",negatif
"memang tidak setuju, saya masih ragu ini akan jadi tempat korupsi",negatif
"saya cuman kasihan lulusan nya sedikit yg kerja layak n nganggur, program ini kan sebenarnya ditujukan buat lulusan kayak gitu,",negatif
"lah memang benar kan, coba lihat kurikulumnya, tak satupun yg melibatkan praktek nyata di masyarakat",negatif
"masalah administrasi, bagaiamana pola pembayaran saat terjadi pertukaran, belajar di kampus lain atau magang di industri.. jgn muluk muluk dulu deh pak benerin sistem dulu dari pada buat kebijakan",negatif
Perusahaan terlalu terbebani hidupnya dikarenakan adanya magang tsbt,negatif
buat mabok ntar duitnya,negatif
transparan ga nih? tempat korupsi jgn jangan,negatif
Ladang korupsi yg luas,negatif
kapan politeknik diperhatikan??? ga adil,negatif
buruk sih n sulit menurut saya untuk dilaksanakan,negatif
"Mas mentri n Kemendikbud, tolong juga memperbaiki sistem administrasi kampus... Mau selesai saja susah.. terlalu banyak berkas n persyaratan yg harus kami selesaikan.",negatif
Ladang korupsi banget ini mah,negatif
omdo doang mas\\n,negatif
"pemerataan, kalo tidak ya mending ga usah deh nyusahin doang adanya",negatif
ketahuan deh penggiringan opini. jaring aspirasi dulu jgn asal,negatif
Mas mentri ini kebanyakan konsep aduh makin rumit jadinya\\n,negatif
Kok saya blm dapet ya jawaban mas mentri saat mba desi tanya irisan apa yg indonesia butuhkan saat ini,negatif
"jangan dibuat rumit pak, susah lulus nih ah",negatif
maksudnya ngajar di 3 sekolah yg berbeda ? gila aja,negatif
"bakal rumit sih pak, rakyatnya yg belum siap sepertinya. percuma repot repot bikin kebijakan kalau gagal juga ujungnya",negatif
sulit n berat pelaksanannya,negatif
"plis lah ini akal akalan doang, coba ayo dikritisi jgn mudah tertipu dengan janji manis di depan",negatif
saya masih ragu sebenarnya,negatif
"tolong jgn sibuk menata kebijakan, lihat kondisi lapangan",negatif
bagus di ide tetapi pelaksanannya belum yakin saya,negatif
"haduh, ribet rumit sulit. yg di daerah terpencil ini lho gimana pak?",negatif
"Tapi aku kurang setuju. Disini pak Nadiem seakan kurang memahami bahwa di Indonesia ada 2 sistem pendidikan tinggi. Dimana ada vokasi (biasanya politeknik, akademi, dsb) n juga ada akademik (universitas, sekolah tinggi, institut, dsb) jadi kalau mahasiswa mau magang, n lebih terampil, mereka tinggal pilih syistem pendidikan vokasi yg dimana selalu ada program magang yg diwajibkan oleh pendidikan yg menggunakan system vokasi. Bagi yg tidak mau, tinggal pilih system pendidikan akademi. Bagi yg belum tau bedanya vokasi n akademi, singkatnya vokasi itu banyak prakteknya kaya SMK, sedangkan akademi banyak teorinya kaya SMA.",negatif
"tolong jgn sibuk menata kebijakan, lihat kondisi lapangan",negatif
"terlalu tergesa n tidak maksimal, yg lain terlalu silau sama janji janjinya ",negatif
"tolong cek kondisi lapangan dulu deh pak, percuma kalo ga merata kan sekalipun kebijakan sudah dikemas sedemikian rupa",negatif
kasihan buat orang yg kurang mampu.\\n,negatif
"pemerataan itu wajib, gue mikir akan gagal sama dengan kebijakan terdahulu. masalahnya masih di pemerataan",negatif
Banyak kampus yg gak jelas statusnya sekarang mungkin sebaiknya di perbaiki dulu kampus yg ada itu ğŸ˜Š,negatif
ketimbang magang haduh ngabisin tenaga kalo cuman jadi budak korporat,negatif
pusing ya makin ribet aja mau lulus ,negatif
percuma dibuat kebijakan tp manusianya masih bodoh semua,negatif
"Aduh pak mentri gk tau, semakin ribet proses semakin mendatangkan uang utk pejabat2 korup, kok dipermudah sih prosesnya",negatif
"makin rumit aja sih mas mentri, pusing gue",negatif
pusing makin rumit aja makin ke sini\\n,negatif
rencana doang gak ada aksa sama aja,negatif
Banyak menjual kata kata mas... 100 hari kerja sudah melakukan apa mas.. pidato pidato pemberi harapan ya,negatif
Kampus Merdeka kalau stakeholdernya ngak merdeka akan menghasilkan manusia manusia yg merdeka semu.,negatif
"perencanannya kurang matang, terlalu tergesa. masih ragu banget deh asli",negatif
"Akreditasi bidang kesehatan kenapa dikecualikan, bahkan harus bayar puluhan juta?",negatif
merdeka semu ceritanya,negatif
Persoalan terbesar ada dikampus kampus di daerah. Bagaimana di fasilitasi mahasiswanya untuk bisa belajar 3 semester di laut bebas. Sepertinya kampus n dosennya akan  berdarah darah mengatasi dengan segala persoalannya.,negatif
"Dosen, ketua prodi, dekan, n rektor .. khawatirnya mereka spt mesin tua buku panduan jadul... hihihi",negatif
sdm nya belum mampu melaksanakan sepertinya,negatif
aduh pak\\n,negatif
"yaelah apa lagi ya ini, makin pusing mau lulus",negatif
" pendanaan dikampus banyak kampus yg kekurangan fasilitas seperti Lab, Alat2 praktikum, n relasi baik dalam n luar Negeri itu belum merata",negatif
coba sesi diskusi dengan profesor ahli di bidang masing2 supaya kebijakan2 baru tsb di beri masukan2 soalnya Nadiem ini bukan lulusan pendidikan. gue ragu sih asli ini,negatif
"kebijakan yg nyata aja pak, dalam kondisi pandemi akan sulit ini dilaksanakan. jadi berasa mimpi doang",negatif
Akan tetapi kalau kkn hingga setahun apa tidak malah memberatkan orang tua nya. Dalam segi keuangan???,negatif
"ragu pak, susah kayaknya kalo diterapkan di indo",negatif
"capek kalo omdo, \\n",negatif
"pusing ya pak makin ke sini, ada aj kebijakan yg mempersulit n bikin rumit pendidikan\\n",negatif
"sabar, masih gagasan. kalo pelaksanannya ga becus aduh makin ancurr",negatif
berapa banyak uang lagi yg akan dihamburkan?,negatif
omong kosong\\n,negatif
"masih bingung, kok keknya belum tepat untuk diterapkan dalam waktu dekat. yg dipelosok juga diperhatikan ya pak",negatif
"ragu sih gue, kayak masih abu abu aja\\n",negatif
"akan memakan berapa banyak uang lagi pak? sudah berapa orang yg korupsi saat ini, justru ini akan jadi ladang yg nikmat untuk koruptor",negatif
"antara omdo sama ladang korupsi, belum lagi pasti rumit pelaksanannya. perusahaan juga ga mau kali menyediakan banyak lowongan magang. uang dari mana",negatif
terlalu lama pak durasi magangnya,negatif
jangan sampai Kampus2 Indonesia tercemar Virus2 Islam Radikal yg anti Pluralisme n kebinekaan,negatif
omdo korup\\n,negatif
sebenarnya implisit dari kebijakan ini apa sih? mengeruk dana negara apa gimana,negatif
"Kalo korupsi awas aja, program program kek gini manis di awal doang biasanya",negatif
"yang dikritisi itu kebijakannya, jgn silau sama sosoknya. plis gue masih belum setuju dengan ini",negatif
"merdeka apanya kuliah masih mahal, magang makin lagi, jadi budak doang",negatif
"perencanannya kurang sih, kok saya rasa rumit ya. magangnya terlalu lama juga ",negatif
bagaimana untuk pelaksanaannya? 100 hari menjadi menteri belum ada hasil apapun\\n,negatif
"untuk kedokteran gimana nih, gak adil banget masa",negatif
"berapa banyak uang lagi hanya untuk kebijakan coba coba seperti ini, mending diskusikan secara matang dulu deh. ancur malah kalo asal asalan",negatif
"pemerataan perlu diperhatikan pak, saya tidak terima kalau anak daerah tetap jadi hal yg jadi anak tiri nantinya. kebijakannya rumit n bagian pedalaman akan sulit menerima yg seperti ini. lokasi magang juga tentu sangat terbatas!",negatif
saya pesimis dengan program ini. antara ladang korup atau memang kebijakan yg akan omdo saja\\n,negatif
berapa banyak uang yg dikorup?,negatif
"sama saja outputnya tetap jauh dr iman n taqwa, tetap sekuler, tetap jd budak pro asing asing n tetap jd antek penguasa zalim..",negatif
Kpn diterapkan? seharusnya jgn terlalu lama pak jadinya omdo\\n,negatif
"urusan negara ga ada yg bener, urusan pendidikan juga. rumit deh",negatif
sudah muak dengan wacana\\n,negatif
capek ya omdo doang,negatif
"sulit pak buat diterapkan, SDM nya belum mumpuni n perlu ditingkatkan\\n",negatif
kurang matang pak sebenarnya,negatif
"tempat korupsi dijalankan, tunggu saja",negatif
jangan omdo terus dong :(,negatif
jangan omdo terus dong :(,negatif
"sedih kalau omdo begini, wujud nyatanya belum ada. apakah hanya akan jadi sasaran empuk koruptor?",negatif
korupsi terus jadi sekarat haha lucu sekali negeriku,negatif
apakah pemerintah peduli terhadap Anak indonesia yg ingin sekolah tp kendala biaya..... jgn omdo terus dong :(,negatif
"baru menyimpulkan awal, dilanjutkan dg studi kecil didunia nyata.  jgn omdo terus dong :(",negatif
"jangan sembrono ya pak kalo menerapkan kebijakan apapun, awas",negatif
"sebenarnya sedikit bingung ya, siapa yg akan diuntungkan. omdo pula",negatif
Ditendang tanpa ada pembuktian. Mohon keadilan Pak maz Mentri,negatif
apa lagi nih?,negatif
tolong dikritisi jgn terpengaruh sama janji. saya sangat pesimis dengan kebijakan ini,negatif
"Tolong dikawal betul jgn sampai cuma jadi ladang korupsi, males banget dah",negatif
males deh kalo cuma jadi korupsi,negatif
Saya mengapresiasi terobosan terobosan Pak Mendikbud,negatif
jangan omdo terus dong :(,negatif
KEMENDIKBUD RI tolong lirik sebentar saja masalah yg di hadapi mahasiswa UKI Paulus Makassar saat ini.,negatif
sulit ya pak. kondisi negara kita bagaimana sedangkan kebijakannya terlalu jauh. rakyat belum mampu,negatif
omdo,negatif
omdo hanya akan membuat sengsara. pesimis banget asli,negatif
jangan sampai jadi wadah korupsi nih,negatif
hayo objek baru buat para koruptor,negatif
berangkat,negatif
kebijakan ga jelas lagi,negatif
jangan omdo terus dong :(,negatif
"untuk apa? jgn muluk muluk, benerin sistem dulu",negatif
kasihan banget yg termakan omdo seperti ini,negatif
haha omdo doang,negatif
Kadrun tidak suka,negatif
tolong dong kita punya d1 d2 d3 d4 juga jadi perhatian. n pts yg abal abal tolong juga di benerin...,negatif
"PTS abal-abal dibubarkan saja, ditutup, n pendirinya jgn diberikan kesempatan lagi di lain waktu untuk membuka PTS baru, alias diblok.",negatif
hmm kerjasama pihak ke-3... Gojek termasuk? yaelah,negatif
Kalo omdo udah deh males,negatif
males bikin pusing doang,negatif
Kalo omdo udah deh males,negatif
korupsi lagi nih bau bau,negatif
kita lihat ke depan... sy tahu byk sekali guru besar yg kontra thd beliau.,negatif
di lapangan sebenarnya banyak yg kontra,negatif
kebijakan ngaco,negatif
"aduh kacau, makin gila pendidikan indo",negatif
"klo demikian hrsnya ditutup prodiÂ² penghasil pengangguran artinya sudah jenuh, buka prodi dg tk kebutuhan yg tinggi di pasar kerja spt Diploma / S1 terapan yg lsg dipersiapkan utk kerja buka S1 tp dipaksa ke arah vokasi.",negatif
"Pakkk,  kmi ank ksehatan juga ingin bebas ğŸ˜¢ğŸ˜¥",negatif
jangan muluk muluk dulu,negatif
jangan jauh2 dulu mending bikin kebijakan tentang skripsi,negatif
Kalo omdo udah deh males,negatif
Kalo omdo udah deh males,negatif
"Jika waktu kkn akan ditambah, maka biaya yg akan dikeluarkan mhs akan bertambah jg.  Kkn yg 2 bulan saja bisa ngabisin biaya puluhan juta, itu diluar dr spp. Lalu bagaimana solusinya ? Sementara program2 yg dibiaya oleh kampus (seperti proyek dosen  pemerinth) sedikit sekali dibanding dgn mhs  yg kkn biasa. menyulitkan jatuhnya",negatif
aduh uang lagi,negatif
Kalo omdo udah deh males,negatif
DPR masih sering ngancam2; kemarin di rdp anggaran kemendikbud sebagian akan tidak disetujui apabila mas menteri neko2,negatif
Kalo omdo udah deh males,negatif
omdo lagi? mana buktinya,negatif
"jangan muluk2, yg kek gini biasanya ga terlaksana. modal omdo doang",negatif
"saya belum yakin. ga setuju. riset dulu yg bener, daripada gagal malu2in",negatif
kapan dilaksanakan? kelamaan sama aja omdo,negatif
"kampus merdeka, mahasiswanya merdeka tidak? banyak yg ga bisa meneruskan kuliah krn terhimpit biaya. pikirkan juga dong",negatif
program ladang korupsi hahahah,negatif
omdo lagi? mana buktinya,negatif
omdo lagi? mana buktinya,negatif
ragu gue,negatif
budak magang silakan gabung hahha,negatif
omdo lagi? mana buktinya,negatif
"aduh 3 semester, lama bener",negatif
Mau magang dimana bos org perusahaan sudah tak sanggup menerima tenaga kerja,negatif
hadeehh..,negatif
"gimana ya, ragu masih",negatif
resah,negatif
sdm nya masih nol. gagal deh ini udah ngabisin biaya banyak malah gagal,negatif
"rasakan magang 3 semester, mampus",negatif
apa lagi ini? jgn bikin lama lulus ah males,negatif
magang dibayar ga nih? kalo ngga ya podo ae haha,negatif
omdo lagi? mana buktinya,negatif
wadah korupsi yg cukup ditutupi,negatif
magang lama kalau dibayar si gpp. tp kalau pakai biaya sendiri menurut sy gk efisien. Tdk semua jurusan bisa magang di tempat yg dekat ataau setidaknya dibayar,negatif
cuman gak bisa bayangin ğŸ™„,negatif
"Anak fkip denger ini langsung kepikiran berapa banyak uang yg harus mereka keluarkan dengan magang tiga semester :&;)Ada beberapa yg protes, apa gunanya magang tiga semester tp ga digaji.",negatif
kebijakan yg mempersulit n bikin sengsara mahasiswa ya ini,negatif
"Mau magang selamanya Pun, kalau ketersediaan lapangan pekerjaan terbatas sama saja bohong",negatif
mendingan balik aja lu ke gojek,negatif
Itu magang 3 semester tetep bayar kuliah? bangkrut saya,negatif
mahasiswanya yg bangkrut sih kelamaan magang haha,negatif
Wah bakal lebih akrab sama tukang gorengan n mesin fotokopi nih,negatif
Apa apaan Ini ...,negatif
omdo lagi? mana buktinya,negatif
"3 SEMESTER?? HAHAHAHAAAA ..... Pelatihannya yg kerja, senior santai dia yg di gaji.. GW GA SETUJU",negatif
gue ga setuju,negatif
percuma magang 3 semester tp ga ada perusahaan yg nerima haha,negatif
Magangnya dimana ya? tau sendiri susahnya cari tempat magang. menangis,negatif
"ga usah ribet, Bikin skripsi aja dipermudah pak",negatif
"tunggu, saya sbg salah satu mahasiswa di kota surabaya sih gak masalah.. bagaimana untuk anak daerah? akan kesulitan untuk magang",negatif
omdo lagi? mana buktinya,negatif
Biasanya pemikiran Radikal model gini bnyk ditentang kalangan kolot yg didominasi aki2 yg gk ngerti perkembangan zaman,negatif
"Menurut saya dosen dosen juga harus dibimbing agar dapat mengikuti n menyukseskan program ini, kalo mereka belum bisa ya sama aja. gagal pasti program ini pak",negatif
omdo lagi? mana buktinya. asal digaji gapapa,negatif
Di kampus kami magang dihapuskan pak percuma,negatif
Tapi masalahnya tempat mana yg mau menerima anak magang sampe 3 semester? :( rata rata magang 3 sampai 6 bulanan itu udah termasuk lama banget :(,negatif
"Kasian yg belum kerja saingannya bukan hanya sesama pelamar kerja tp sekarang ditambah sama anak magang alhasil perusahaan lebih memilih anak magang karena biayanya lebih rendah, alhasil Indonesia kekurangan lapangan kerja, sekarang aja lapangan kerja masih sedikit menurut saya kurang efektif untuk pelamar kerja yg blum kerja karena saingan mereka semakin banyak.....",negatif
Gak bisa kuliah sambil kerja lagi dong kasian yg karyawan,negatif
"percuma sih pak, manusia nya belum siap",negatif
"kampus belum siap, hasilnya akan nol. percuma",negatif
"kampus belum siap, hasilnya akan nol. percuma",negatif
"kampus belum siap, hasilnya akan nol. percuma",negatif
generasi kagetan mana bisa,negatif
MATAMU,negatif
"kampus belum siap, hasilnya akan nol. percuma",negatif
ragu sih sebenernya,negatif
Kurang tepat kalau dibilang magang 3 semester.,negatif
"kampus belum siap, hasilnya akan nol. percuma",negatif
Ukt 3 semester gimana pak? bangkrut dong,negatif
"Masalahnya kampus banyak, tmpat magang dikit",negatif
"Mau magang berapa bulan pun gak ada pengaruhnya bagi jaminan kerja. Tuh magang cuma disuruh bersih bersih n stempel berkas apaan tuh,,, gak kembangkan keahlian. Malah enak perusahaan yg gaji rendah anak magang lama kerjanya dikit bahkan gratis upah hahahahahahahhaha",negatif
tempat magang nya dikit pak aduh,negatif
"kampus belum siap, hasilnya akan nol. percuma",negatif
tidak pantas,negatif
"kampus belum siap, hasilnya akan nol. percuma",negatif
SMK gue magang 2 semester.... Ambyar bray.. Wkwkwk,negatif
Magang bayarnya lebih mahal mas menteri dari pada perkuliahan di kelas n lab.,negatif
"kampus belum siap, hasilnya akan nol. percuma",negatif
Iya. Krn magang tuh cuma d suruh2 hal2 remeh doang. Fotocopi selama 3 semester. Bukan tambah pintar tambah dodol. apalagi klw pegawainya jg malas buat kasi kerjaan yg bener2 kita butuhkan,negatif
"3 semester disuruh2, biasanya sih disuruh fotokopi ama beli mkan siang wkwk. Kagak digaji lg 3 semester",negatif
Kalo ga digaji 3 semester mah berat tuh bro wkwk,negatif
"Udah gak digaji, eh pas perpisahan dimintai kenang kenangan lagi sama instansi orang2 di tempat magang, pait bro",negatif
"Ga ngerti dah, mahasiswa di desain jadi pekerja? Atau jadi profesional? Buat apa ada vokasi/ politeknik?",negatif
Tapi yg menjadi kendala yg kuliah bukan hanya 100 orang saja. tp melebihi dari itu. n tempat2 magang diperusahaan itu tidak semudah yg dibayangkan. Belum lagi mahasiswa yg ingin magang itu tidak sedikit jumlahnya.,negatif
Tidak tercapai tujuan dari magang yaitu untuk mengerti bagaimana pengaplikasian ilmu dalam pekerjaan.,negatif
Magang 3 smester tp harus digaji !!!,negatif
"kampus belum siap, hasilnya akan nol. percuma",negatif
Kerja rodi 3 semester,negatif
Program magang harus diawasi n diatur. jgn sampai mahasiswa magang 3 semester tp cuma jadi tukang fotokopi.,negatif
WkkwğŸ˜‚ gak ada tempat magang lagi,negatif
"kampus belum siap, hasilnya akan nol. percuma",negatif
Dan perusahaan yg terima magang juga harus betul tegas ke anak magangnya.,negatif
magang fotokopi,negatif
Namun harus tetap diingat bahwa untuk setiap kebijakan harus disertai dengan payung hukum n aturan yg jelas sebagai pengikat.,negatif
"Magang 1 bulan cari kerja susah karna kurang pengalaman, nasib mahasiswa skarang",negatif
"kampus belum siap, hasilnya akan nol. percuma\\n",negatif
"dia lupa ada Jurusan Lain yg Gak butuh Terapan, Contoh Sastra Indonesia, Sejarah, Sosiologi, dll\\n",negatif
apa lagi ya ini? pusing gue,negatif
"klo 3 bulan 6 bulan terlalu singkat hanya tau, tp belum paham betul\\n",negatif
magang 1 semester tanpa dibayar demi selembar sertifikat ğŸ¤£,negatif
perusahaan langsung bangkrut haha,negatif
ga setuju\\n,negatif
"hasil akan berbicara, biasanya kek begini bakal omdo aja",negatif
3 semester dapet gaji ? ogah kalo ga digaji. capek jadi budak,negatif
nyari tempat magang aje susah :v,negatif
"sudah biasa jadi budak, rodi tiap hari\\n",negatif
"makin susah mau lulus, nasib\\n",negatif
jaman kuliah dulu gua magang sambil kerja n ga dpt gaji .emang nasib..ğŸ˜„,negatif
"diliat jalan nggak, ngaruh nggak nya dulu. Sekalian buat diliat sistemnya seperti apa yg baik, apakah masih bayar spp atau gak dsb",negatif
"mahasiswa indonesia males males pak orangnya, percuma",negatif
"Baru beberapa minggu yg lalu selesai magang nih, jadi budak bro. gue kurang setuju sih program ini mengharuskan magang 3 smt huft",negatif
Saya sangat senang bila pak nadiem makarim menghapus SKRIPSI ketimbang menerapkan kebijakan ini omdo doang sukses kagak,negatif
gua magang aja seminggu 3 minggu libur wkkw apa yg bisa didapat coba?,negatif
Waduh pak gua udah terlanjur ambil cuti 2 smt tu gimana......ğŸ˜‘ğŸ˜‘ğŸ˜‘,negatif
"Tidak semua perusahaan menerima magang selama itu pak, kalo bisa sih ada kebijakan tersendiri nanti dikasih buat perusahaan n ++nya juga buat mahasiswa yg magang misal kaya uang jajanğŸ˜…",negatif
tapi indo masih jauh dah sepertinya. sulit mau nerapin sistem kompleks kek gini,negatif
Yaelah pak pak.. udah lulus saya\\n,negatif
"kampus belum siap, hasilnya akan nol. percuma",negatif
"mau ngapain sih, omdo doang\\n",negatif
Soalnya kalau magang pun (untuk jurusan tertentu dimana magang di perusahaan) seringnya lebih banyak suruh fotokopi dari pada ilmu. Kami berat meninggalkan pekerjaan (untuk magang) karena bayar kuliah sendiri.,negatif
"Mungkin jika ini di terapkan akan ada plus minusnya. kebijakan ini perlu direncanakan lagi, kalau ga matang  hancur pak!",negatif
" jgn aneh2, kebijakan ini itu mending skripsi ini hapus dulu",negatif
"Oke kalo magang nya di bayar kalo sekedar magang mending kagak, kebanyak planning",negatif
"Tapi nyari tempat magang susah, anak magang juga belum tentu digaji, programnya dimatangkan dulu utk prodi prodi sosial atau eksakta",negatif
Wah mencium kenaikan biaya...,negatif
"kampus belum siap, hasilnya akan nol. percuma",negatif
"Tapi kalo magang kerjaannya beliin roko, buatin kopi, fotocopy berkas, ngescan, beliin cemilan, nyalin2 data. Kalo gitu2 aja selama 3 semester sih sama aja bohong. ",negatif
bagaimana pun skrng perusahaan tdk terlalu butuh pemagang,negatif
"program apa lagi sih, pendidikan membaik juga ngga. butuh sekian dekade itupun kalo rakyatnya mau bekerja sama haha",negatif
"kita pantau dulu, paling juga jadi wacana doang",negatif
"Sya sdh kerja hmpir 5 thun, kerja d 3 tmpt yg berbeda. Di 3 tmpt tmpt sya bkerja tsb sering ad mhsiswa mgang, namun pmbinaan trhdp mhsiswa tsb krg, ada mhsiswa yg sma skali g d beri tgs, ad yg cma d sruh fotokopi, ngnter srt n ad jg yg cma diem2an. Nah yg perlu d tekankan adalah kerjasama antra kmpus dg tmpt magang, agr tmpt mgang tsb mmbina mhsiswa dg baik, ilmunya d tmpt kerja tersampaikan.",negatif
"kebijakan keren, aksi nol",negatif
"pusing pak, makin rumit mau kuliah doang",negatif
Mau kuliah kok pake banyak program segala sih. belum lg keluar duit juga masihan. ekonomi indonesia belum sampe kesana pak,negatif
Semester besoknya mahasiswa udah gak kuliah keenakan magang wkwkwkw,negatif
perusahaan dapat pagawai gratis selama 18 bulan Kan lumayan tidak membayar pegawai uangnya bisa untuk jalan2 boss keluar negeri,negatif
Wkwkw magang kalo gak dibayar ya mending gak usah beratin mahasiswa malah jadinya,negatif
"Mahasiswa magang 3 semester dapet nilai, keluarannya apa untungnya? digaji juga kagak",negatif
kalo cuma sekedar nilai tp GK dapet reward yg mending gak usah,negatif
kalo ga digaji ogah,negatif
ragu sih sebenernya,negatif
"kampus belum siap, hasilnya akan nol. percuma",negatif
"Buset, prakteknya jadi tidak berlandaskan teori. ",negatif
"korupsi nih kayaknya, kebijakan besar begini ladang uang banget",negatif
"pusing pak, makin rumit mau kuliah doang",negatif
"Knp ga ngambil politeknik aja kalo emang ga suka teori,",negatif
bingung sama kebijakannya,negatif
"lah, kan katanya ga suka teori ngapain ngambil S1, kalo mau praktek ambil sekolah vokasi/ diploma, ",negatif
"kampus belum siap, hasilnya akan nol. percuma",negatif
"Saya waktu kuliah, magangnya hanya 1 bulan cukup mempersulit. keseimbangan magang sama kuliah jadi keteteran",negatif
menginspirasi menjadi gembel ?,negatif
:v iye njir magang aja 1 bulan lebih dr itu muak kalo g dpt duit mah apalagi kadang fotokopi doang,negatif
"wkwk itu foto akibat dapat magang cuma satu bulan aj bro, gk dapat apa2 alhasil setelah wisuda menggeluti profesi sbg Gembel bro ğŸ˜…",negatif
"kampus belum siap, hasilnya akan nol. percuma",negatif
"sulit deh, makin pusing nih pak",negatif
Yang gk setuju pasti yayasan univ swasta ğŸ˜“,negatif
menyimak n memantau. bau bau banyak celah korupsi nih. alibinya kebijakan pendidikan haha,negatif
Gilak aja magang 3 semester... dikira mahasiswa dikit kali ya.... ada ratusan ribu mahasiswa yg nunggu bergiliran untuk magang di sebuah perusahaan.... ğŸ˜…kacau dah,negatif
"Kalo ak krg sependapat sih, krn tekanan anak magang bakal beda sama karyawan ,",negatif
nah itu.. n pertanyaannya... APA MAMPU PERUSAHAAN SEMACAM ITU? KALO MAMPU TENTU NGGAK ADA PENGANGGURAN LAGI,negatif
"kampus belum siap, hasilnya akan nol. percuma",negatif
"jangan terlalu lama pak, diperbudak aja jadinya",negatif
pada akhirnya pengangguran,negatif
"kampus belum siap, hasilnya akan nol. percuma",negatif
omdo doang nih,negatif
jadi bukan membuat kopi n beli rokok haha,negatif
Berat bung. Akan kekurangan instansi yg buat magang wk wkkk,negatif
Jadi bikin kebijakannya jgn seolah disama ratakan gini pak...,negatif
Kampus pasti menolak.. kehilangan uang sks ğŸ˜‚,negatif
"kapan dijalankan pak? saya nunggu sampe kesel juga, awas nih omdo gue cubit",negatif
"kampus belum siap, hasilnya akan nol. percuma",negatif
"Ya spp nya di murahin kalo magang 3 semester. Kan 1,5 tahun nggak belajar di kampus.",negatif
Saya setuju tp kayaknya kelamaan ya kalau 3 sem,negatif
Kalau bisa menteri pendidikan ke daerah daerah terpencil... jgn bnyk teori kayak anies bisa bisa ente dipecat jokowi,negatif
Pendidikan di indonesia terlalu kaku dengan aturan... ini malah ditambahin aturan baru,negatif
masih belum berikan kepastian kualitas lulusannya n gaya kemamampuannya yg banci tidak gaya bebas yg penuh,negatif
SDM nya seimbang tidak pak? jgn asal sah sah ae,negatif
Ancurr,negatif
Perusahaan swasta tidak sanggup tampung semua mahasiswa magang.,negatif
"kalau magang digaji memberatkan perusahaan karena harus menerima selama 1,5 tahun dengan hitungan setiap semester nerima anak magang profesional juga",negatif
Masa gratis om,negatif
Apakah sistem merdeka ini cocok dgn keadaan siswa di negara yg terkenal santuy ini??? Misalnya dihapusnya UN membuat siswa makin santuy,negatif
butuh pengawasan harus ada semacam capaian kompetensi buku log  biar tidak dianggap program ini main2,negatif
"kampus belum siap, hasilnya akan nol. percuma",negatif
Nah harus tetap diawasi,negatif
beberapa anak magang ga jelas mereka mau apa kami dari pegawai juga bingung mereka ga punya kemampuan yg spesifik,negatif
"kampus belum siap, hasilnya akan nol. percuma",negatif
"Ini setengah pake sistem eropa, setengah lagi pake sistem timur. masih ragu indo bisa nerapin? saya masih ragu n kurang setuju",negatif
percuma ada kebijakan ini kalau skripsi tidak dihapus,negatif
jangan omdo aja,negatif
"gue kuliah sambil kerja, kalo ditambah magang ya mati saya",negatif
Beda mas setiap jurusan.  gw magang. 1 kali magang 6 bulan penuh tanpa nego.,negatif
"fungsinya magang buat apa si, jadi budak doang intinya",negatif
"kampus belum siap, hasilnya akan nol. percuma",negatif
ragu gue kalo indo bisa diatur,negatif
"Intinya biaya pendidikan harus gede , karena siswa indo lebih dari 60juta siswa itu biaya pendidikan harus gede minimal 1000 triliun tanpa dikorupsi",negatif
omdo n ladang korupsi adalah kata paling tepat,negatif
"walaupun itu pilihan, tp ini gak jelas prodi apa ?  kebijakan ga jelas n tidak matang",negatif
"Pernyataan Pak Menteri,  mahasiswa magang 3 semester (pilihan) itu ditujukan pada Mhsiswa Pendidikan Vokasi atau Mhsiswa Pendidikan Akademik ? pemerataan ya pak tolong",negatif
"kampus belum siap, hasilnya akan nol. percuma",negatif
"kebanyakan konsep, nol aksi",negatif
kebanyakan cerewet,negatif
makin ke sini makin ribet deh,negatif
"yang saya permasalahkan itu adalah cara pandang yg salah orang2 mengenai pendidikan tinggi, padahal itu merupakan gelar akademik, belum tentu berkompetensi pada pekerjaannya nantinya",negatif
"ya itu perlu ada kompetensi yg jelas baik teori maupun praktek, selama ini banyak univ membuka prodi baru tp lulusannya capaian komptensinya tidak jelas gimana mau bisa ada keahlian? Sebuah tugas akhir itu tetap mutlak harus ada, kalau gak kayak gitu dari mana tolak ukur orang bisa lulus kuliah?",negatif
mampus lu makin lama lulus kaowkeoaekoawke,negatif
Kalo sama aja buat apa?,negatif
Asal digaji,negatif
"kampus belum siap, hasilnya akan nol. percuma",negatif
saya masih ragu mas nadiem,negatif
"mirip sistem jerman, indo mah jauh. susah kalo mau diterapin kek gini pak.",negatif
jadi diterapin gak nih pak? omdo,negatif
"mirip sistem jerman, indo mah jauh. susah kalo mau diterapin kek gini pak.",negatif
walaupun nadiem terlihat luar biasa tp tetap harus ada kritik ğŸ˜Š objektif untuk mengkritisi,negatif
ayo dikritisi,negatif
Ya satu satu kali bikin programnya,negatif
"Masih banyak dosen yg males ngajar, seringnya Kuliah pengganti, yakin kebijakan ini akan berjalan? dipertimbangkan dulu deh",negatif
Tapi tidak semua perusahaan bisa menerima anak magang dengan tangan terbuka.,negatif
Iya sih. Klo perusahaan pada ga mau terus begimane. Haha,negatif
magang ga digaji sama aja,negatif
"Tidak semua anak magang digaji,",negatif
"jaring aspirasi yg pelosok juga dong pak, mana tau pendapat mereka. biar tau juga kebijakannya gimana",negatif
"Karena ketika baru magang, maka butuh di pelatihan layaknya karyawan baru. n karena pelatihan itu menghabiskan waktu, menjadikan pemilik perusahaan ataupun karyawan yg pelatih jadi enggan.",negatif
Iya gan ujung2 nya jadi orang2 disuruh2 sama senior,negatif
"mirip sistem jerman, indo mah jauh. susah kalo mau diterapin kek gini pak.",negatif
sulit untuk diterapkan di indo,negatif
Kadang Mereka juga ga mau repot mikirin anak magang,negatif
"pengalaman ane nih nyari tempat magang tuh susah bgt, keliling sana sini banyak yg ga nerima mahasiswa magang, susah pokoknya, ",negatif
"Masalah akreditasi harus ada aturan yg jelas, bukan hanya masalah proses akreditasinya,. Namun masalah kebijakan2 lain yg kemudian mejadikan akreditasi sebagai acuan,. Contoh melamar pns harus dari prodi n kampus berakreditasi",negatif
"susah, balik lagi ke personal masing masing. percuma kebijakan kek gimana pun. yg menjalankan masing masing. manusia gagal bukan karena kuliahnya tp karena emang orangnya aja",negatif
"waduh seperti ini harusnya diterapkan dasar di SMA karena percuma juga kan. kalo udah salah jurusan misal, kuliah aja males apa lagi magang",negatif
"Anak kesehatan bersedih. Kenapa  kesehatan 3 smester tidak diganti dengan berhadapan langsung, sesuai prodi yg diambil",negatif
"Assalamualaikum. sekali lagi maaf, sangat mudah mengucapkannya, namun sulit melaksanakannya. ",negatif
jangan kelamaan pak nanti jadi omdo,negatif
Bangsat !!!,negatif
"lama lama omdo, mirip sistem jerman, indo mah jauh. susah kalo mau diterapin kek gini pak.",negatif
"walaupun tidak orisinal ide pak menteri, saya pesimis dengan mental birokrasi skrg untuk mewujudkan itu.",negatif
Kapan dilaksananya kampus merdeka pak ? perencanannya lama masih hitung pembagian korupsinya ya?  saya pesimis dengan mental birokrasi skrg untuk mewujudkan itu.,negatif
saya pesimis dengan mental birokrasi skrg untuk mewujudkan itu.,negatif
"fungsinya magang buat apa si, jadi kacung doang intinya",negatif
saya pesimis dengan mental birokrasi skrg untuk mewujudkan itu.,negatif
ini apa lagi? pusing awak,negatif
"Ngomong perguruan tinggi tp ga sadar kalo indonesia dominan masyarakat kelas bawah,, ngebiayain pendidikan aja susah apalagi lanjut ke perguruan tinggi..",negatif
"aduh gak sanggup pak, kuliah aja pusing",negatif
saya pesimis dengan mental birokrasi skrg untuk mewujudkan itu.,negatif
"Namun, merdeka belajar harus diiringi dengan kemudahan perizinan birokrasi di perguruan tinggi. karena birokrasi yg saya masih terjadi di kampus saya masih sangat panjang n lama yg akhirnya menciptakan keterbatasan n kesulitan tersendiri untuk para mahasiswa. mohon ditinjau untuk birokrasi pada perguruan tinggi.  saya pesimis dengan mental birokrasi skrg untuk mewujudkan itu.",negatif
"pusing, belum tentu terlaksana udah gembargembor",negatif
aduh pak menteri,negatif
Kadrun ga setuju pak,negatif
Seluruh kegiatan yg berhubungan dgn DANA HARUS Pakai pembiayaan agar TRANSPARAN n utk Menghindari PRAKTEK KORUPSI dari Seluruh Jajaran KEMENTERIAN &;!!!,negatif
"sayangnya, dosen n rektornya produk tahon gajah, pola pikir mereka sudah tdk bisa mengimbangi kecepatan globalisasi... jadi.. pak menteri ibarat pengen terbang tinggi, tp sayap belum bisa mengimbangi..",negatif
"repot, sekalian ga usah kuliah aja. lulus langsung ikut pelatihan, beres kan.",negatif
Kl gini mah gak ada merdeka nya sama sekali tp cm jd jongos kapitalisme yg ngandalin ijazah.  saya pesimis dengan mental birokrasi skrg untuk mewujudkan itu.,negatif
ga setuju sama kebijakannya. banyak yg hrs dipertimbangkan,negatif
"apa beda nya dengan PKL? program magang yg 3 semester tadi? kalo masih harus magang juga, saya kapan kuliahnya pak. rumit banget makin ke sini sistemnya",negatif
Ngomong apaan sih nih Makarim gak jelas banget dah.,negatif
manfaatin pembayaran digital untuk pembayaran :v melanggar etika menteri,negatif
"kuliah udah serumit sistem kerja deh, saya ga setuju",negatif
mau lulus ribet banget,negatif
"3 semester terjun lapangan itu gratis atau tetap bayar kuliah? kalo masih bayar, saya bangrut dong pak :(",negatif
Kampus Merdeka bisa diterapkan klo juga Merdeka Skripsi itu baru deh merdeka,negatif
yg mengawasi kurikulum siapa? kan bisa aja perusahan2 itu cenderung mencari keuntungan buat perusahaannya..,negatif
ga yakin bakal terlaksana,negatif
"haha liat aja ntar ya, bau bau omdo",negatif
" mekanismenya belum jelas, dari poin pertama saja sudah timbul pertanyaan di fikiran saya. Ketika bapak menyampaikan, bisa saja univ membuka prodi baru tanpa mengikuti alur pembukaan prodi oleh kemendikbud seperti biasanya ",negatif
Sudah seratus hari kau jadi mentri belum ada wujudnya,negatif
saya pesimis dengan mental birokrasi skrg untuk mewujudkan itu.,negatif
bikin lama lulus nih,negatif
Percuma jadi Insinyur kalau ngga sanggup berinovasi!,negatif
"percuma kebijakan tp tdk didukung aksi, kebijakan kek gini nanti dulu mas nadiem kita betulkan dulu sistemnya aduh",negatif
Ada ya 37 yg tidak suka,negatif
Rektor nya setuju enga,negatif
Pada melongo... (sambil ada pula yg skeptis),negatif
Apakah fakultas kedokteran juga menerapkan kampus merdeka ? gak adil pak kalo kedokteran dijadikan anak tiri begini,negatif
"magang kelamaan bikin stres juga, perusahaan mana yg mau nerima juga haha",negatif
saya pesimis dengan mental birokrasi skrg untuk mewujudkan itu.,negatif
"Kalo cuma pak nadiem doang yg revolusioner tp yg di bawah2nya masih kolot ya bakal sama aja , mending dirombak total diisi oleh anak2 muda yg revolusioner jg , yg masih semangat ga gabut cm nunggu jam pulang di kantor",negatif
harus bagaimana n tempat magangnya juga susah,negatif
Kalo untuk yg kuliah sambil kerja gimana nih â€˜? ğŸ˜ meninggal dong kalo harus magang juga,negatif
sayang sekali belum ada pemerataan,negatif
saya pesimis dengan mental birokrasi skrg untuk mewujudkan itu.,negatif
Risetnya ga bisa asal. Harus kualitas terbaik. Hibahnya harus berkualitas,negatif
